{
    "name": "root",
    "gauges": {
        "CarnivoreBehavior.Policy.Entropy.mean": {
            "value": 1.4654713869094849,
            "min": 1.4186350107192993,
            "max": 1.4721513986587524,
            "count": 172
        },
        "CarnivoreBehavior.Policy.Entropy.sum": {
            "value": 14707.470703125,
            "min": 14169.3515625,
            "max": 14819.837890625,
            "count": 172
        },
        "CarnivoreBehavior.Step.mean": {
            "value": 1719977.0,
            "min": 9969.0,
            "max": 1719977.0,
            "count": 172
        },
        "CarnivoreBehavior.Step.sum": {
            "value": 1719977.0,
            "min": 9969.0,
            "max": 1719977.0,
            "count": 172
        },
        "CarnivoreBehavior.Policy.ExtrinsicValueEstimate.mean": {
            "value": 1.2710072994232178,
            "min": -2.825195550918579,
            "max": 7.25944185256958,
            "count": 172
        },
        "CarnivoreBehavior.Policy.ExtrinsicValueEstimate.sum": {
            "value": 270.72454833984375,
            "min": -508.5351867675781,
            "max": 1488.185546875,
            "count": 172
        },
        "CarnivoreBehavior.Environment.EpisodeLength.mean": {
            "value": 85.12173913043478,
            "min": 64.24183006535948,
            "max": 429.6521739130435,
            "count": 172
        },
        "CarnivoreBehavior.Environment.EpisodeLength.sum": {
            "value": 9789.0,
            "min": 9257.0,
            "max": 10672.0,
            "count": 172
        },
        "CarnivoreBehavior.Environment.CumulativeReward.mean": {
            "value": 0.3410434093164361,
            "min": -14.733043519699056,
            "max": 8.989047474804378,
            "count": 172
        },
        "CarnivoreBehavior.Environment.CumulativeReward.sum": {
            "value": 39.21999207139015,
            "min": -440.5799982342869,
            "max": 808.2899879384786,
            "count": 172
        },
        "CarnivoreBehavior.Policy.ExtrinsicReward.mean": {
            "value": 0.6820868186328722,
            "min": -29.46608703939811,
            "max": 17.978094949608757,
            "count": 172
        },
        "CarnivoreBehavior.Policy.ExtrinsicReward.sum": {
            "value": 78.4399841427803,
            "min": -881.1599964685738,
            "max": 1616.5799758769572,
            "count": 172
        },
        "CarnivoreBehavior.IsTraining.mean": {
            "value": 1.0,
            "min": 1.0,
            "max": 1.0,
            "count": 172
        },
        "CarnivoreBehavior.IsTraining.sum": {
            "value": 1.0,
            "min": 1.0,
            "max": 1.0,
            "count": 172
        },
        "MyBehavior.Policy.Entropy.mean": {
            "value": 1.4539052248001099,
            "min": 1.4189382791519165,
            "max": 1.4716506004333496,
            "count": 172
        },
        "MyBehavior.Policy.Entropy.sum": {
            "value": 14591.392578125,
            "min": 14179.390625,
            "max": 14756.8720703125,
            "count": 172
        },
        "MyBehavior.Step.mean": {
            "value": 1719977.0,
            "min": 9969.0,
            "max": 1719977.0,
            "count": 172
        },
        "MyBehavior.Step.sum": {
            "value": 1719977.0,
            "min": 9969.0,
            "max": 1719977.0,
            "count": 172
        },
        "MyBehavior.Policy.ExtrinsicValueEstimate.mean": {
            "value": 1.7907859086990356,
            "min": -4.957160949707031,
            "max": 11.47986125946045,
            "count": 172
        },
        "MyBehavior.Policy.ExtrinsicValueEstimate.sum": {
            "value": 379.6466064453125,
            "min": -1009.7323608398438,
            "max": 2227.093017578125,
            "count": 172
        },
        "MyBehavior.Environment.EpisodeLength.mean": {
            "value": 87.42857142857143,
            "min": 64.67105263157895,
            "max": 449.22727272727275,
            "count": 172
        },
        "MyBehavior.Environment.EpisodeLength.sum": {
            "value": 9792.0,
            "min": 9259.0,
            "max": 10675.0,
            "count": 172
        },
        "MyBehavior.Environment.CumulativeReward.mean": {
            "value": 4.285714285714286,
            "min": -15.0,
            "max": 8.333333333333334,
            "count": 172
        },
        "MyBehavior.Environment.CumulativeReward.sum": {
            "value": 480.0,
            "min": -1230.0,
            "max": 1005.0,
            "count": 172
        },
        "MyBehavior.Policy.ExtrinsicReward.mean": {
            "value": 4.285714285714286,
            "min": -15.0,
            "max": 8.333333333333334,
            "count": 172
        },
        "MyBehavior.Policy.ExtrinsicReward.sum": {
            "value": 480.0,
            "min": -1230.0,
            "max": 1005.0,
            "count": 172
        },
        "MyBehavior.IsTraining.mean": {
            "value": 1.0,
            "min": 1.0,
            "max": 1.0,
            "count": 172
        },
        "MyBehavior.IsTraining.sum": {
            "value": 1.0,
            "min": 1.0,
            "max": 1.0,
            "count": 172
        },
        "CarnivoreBehavior.Losses.PolicyLoss.mean": {
            "value": 0.022730186958021172,
            "min": 0.016699560930768107,
            "max": 0.03354196751024574,
            "count": 167
        },
        "CarnivoreBehavior.Losses.PolicyLoss.sum": {
            "value": 0.022730186958021172,
            "min": 0.016699560930768107,
            "max": 0.03354196751024574,
            "count": 167
        },
        "CarnivoreBehavior.Losses.ValueLoss.mean": {
            "value": 21.61906560262044,
            "min": 4.23843448360761,
            "max": 37.84506228764852,
            "count": 167
        },
        "CarnivoreBehavior.Losses.ValueLoss.sum": {
            "value": 21.61906560262044,
            "min": 4.23843448360761,
            "max": 37.84506228764852,
            "count": 167
        },
        "CarnivoreBehavior.Policy.LearningRate.mean": {
            "value": 4.273643575455002e-05,
            "min": 4.273643575455002e-05,
            "max": 0.0002984566505144501,
            "count": 167
        },
        "CarnivoreBehavior.Policy.LearningRate.sum": {
            "value": 4.273643575455002e-05,
            "min": 4.273643575455002e-05,
            "max": 0.0002984566505144501,
            "count": 167
        },
        "CarnivoreBehavior.Policy.Epsilon.mean": {
            "value": 0.11424544999999998,
            "min": 0.11424544999999998,
            "max": 0.19948555000000007,
            "count": 167
        },
        "CarnivoreBehavior.Policy.Epsilon.sum": {
            "value": 0.11424544999999998,
            "min": 0.11424544999999998,
            "max": 0.19948555000000007,
            "count": 167
        },
        "CarnivoreBehavior.Policy.Beta.mean": {
            "value": 0.0007208479550000001,
            "min": 0.0007208479550000001,
            "max": 0.004974328944999999,
            "count": 167
        },
        "CarnivoreBehavior.Policy.Beta.sum": {
            "value": 0.0007208479550000001,
            "min": 0.0007208479550000001,
            "max": 0.004974328944999999,
            "count": 167
        },
        "MyBehavior.Losses.PolicyLoss.mean": {
            "value": 0.022942876431625337,
            "min": 0.015284564631171331,
            "max": 0.04062760559803185,
            "count": 167
        },
        "MyBehavior.Losses.PolicyLoss.sum": {
            "value": 0.022942876431625337,
            "min": 0.015284564631171331,
            "max": 0.04062760559803185,
            "count": 167
        },
        "MyBehavior.Losses.ValueLoss.mean": {
            "value": 15.35805721282959,
            "min": 1.0280775303641956,
            "max": 39.84946219126383,
            "count": 167
        },
        "MyBehavior.Losses.ValueLoss.sum": {
            "value": 15.35805721282959,
            "min": 1.0280775303641956,
            "max": 39.84946219126383,
            "count": 167
        },
        "MyBehavior.Policy.LearningRate.mean": {
            "value": 4.273643575455002e-05,
            "min": 4.273643575455002e-05,
            "max": 0.0002984566505144501,
            "count": 167
        },
        "MyBehavior.Policy.LearningRate.sum": {
            "value": 4.273643575455002e-05,
            "min": 4.273643575455002e-05,
            "max": 0.0002984566505144501,
            "count": 167
        },
        "MyBehavior.Policy.Epsilon.mean": {
            "value": 0.11424544999999998,
            "min": 0.11424544999999998,
            "max": 0.19948555000000007,
            "count": 167
        },
        "MyBehavior.Policy.Epsilon.sum": {
            "value": 0.11424544999999998,
            "min": 0.11424544999999998,
            "max": 0.19948555000000007,
            "count": 167
        },
        "MyBehavior.Policy.Beta.mean": {
            "value": 0.0007208479550000001,
            "min": 0.0007208479550000001,
            "max": 0.004974328944999999,
            "count": 167
        },
        "MyBehavior.Policy.Beta.sum": {
            "value": 0.0007208479550000001,
            "min": 0.0007208479550000001,
            "max": 0.004974328944999999,
            "count": 167
        }
    },
    "metadata": {
        "timer_format_version": "0.1.0",
        "start_time_seconds": "1736408651",
        "python_version": "3.10.12 | packaged by Anaconda, Inc. | (main, Jul  5 2023, 19:01:18) [MSC v.1916 64 bit (AMD64)]",
        "command_line_arguments": "C:\\Users\\User\\miniconda3\\envs\\mlagents\\Scripts\\mlagents-learn config\\multitraining.yaml --run-id=Mulititraining5",
        "mlagents_version": "1.1.0",
        "mlagents_envs_version": "1.1.0",
        "communication_protocol_version": "1.5.0",
        "pytorch_version": "2.2.2+cpu",
        "numpy_version": "1.23.5",
        "end_time_seconds": "1736424868"
    },
    "total": 16216.2874964,
    "count": 1,
    "self": 0.024523000000044703,
    "children": {
        "run_training.setup": {
            "total": 0.12326190000021597,
            "count": 1,
            "self": 0.12326190000021597
        },
        "TrainerController.start_learning": {
            "total": 16216.1397115,
            "count": 1,
            "self": 22.249467199690116,
            "children": {
                "TrainerController._reset_env": {
                    "total": 13.550920900000165,
                    "count": 1,
                    "self": 13.550920900000165
                },
                "TrainerController.advance": {
                    "total": 16180.00914290031,
                    "count": 874238,
                    "self": 26.20693180007038,
                    "children": {
                        "env_step": {
                            "total": 14797.987606399396,
                            "count": 874238,
                            "self": 12265.069198700765,
                            "children": {
                                "SubprocessEnvManager._take_step": {
                                    "total": 2518.6377376999094,
                                    "count": 874238,
                                    "self": 104.16854129921376,
                                    "children": {
                                        "TorchPolicy.evaluate": {
                                            "total": 2414.4691964006956,
                                            "count": 1727568,
                                            "self": 2414.4691964006956
                                        }
                                    }
                                },
                                "workers": {
                                    "total": 14.28066999872226,
                                    "count": 874237,
                                    "self": 0.0,
                                    "children": {
                                        "worker_root": {
                                            "total": 16045.775558900494,
                                            "count": 874237,
                                            "is_parallel": true,
                                            "self": 5273.453043000702,
                                            "children": {
                                                "steps_from_proto": {
                                                    "total": 0.002385199999480392,
                                                    "count": 2,
                                                    "is_parallel": true,
                                                    "self": 0.00114320000011503,
                                                    "children": {
                                                        "_process_rank_one_or_two_observation": {
                                                            "total": 0.0012419999993653619,
                                                            "count": 8,
                                                            "is_parallel": true,
                                                            "self": 0.0012419999993653619
                                                        }
                                                    }
                                                },
                                                "UnityEnvironment.step": {
                                                    "total": 10772.320130699793,
                                                    "count": 874237,
                                                    "is_parallel": true,
                                                    "self": 147.4205316984935,
                                                    "children": {
                                                        "UnityEnvironment._generate_step_input": {
                                                            "total": 143.2489941999479,
                                                            "count": 874237,
                                                            "is_parallel": true,
                                                            "self": 143.2489941999479
                                                        },
                                                        "communicator.exchange": {
                                                            "total": 9862.208343700782,
                                                            "count": 874237,
                                                            "is_parallel": true,
                                                            "self": 9862.208343700782
                                                        },
                                                        "steps_from_proto": {
                                                            "total": 619.4422611005693,
                                                            "count": 1748474,
                                                            "is_parallel": true,
                                                            "self": 332.23225660200023,
                                                            "children": {
                                                                "_process_rank_one_or_two_observation": {
                                                                    "total": 287.2100044985691,
                                                                    "count": 6993896,
                                                                    "is_parallel": true,
                                                                    "self": 287.2100044985691
                                                                }
                                                            }
                                                        }
                                                    }
                                                }
                                            }
                                        }
                                    }
                                }
                            }
                        },
                        "trainer_advance": {
                            "total": 1355.8146047008422,
                            "count": 1748474,
                            "self": 39.587511401266966,
                            "children": {
                                "process_trajectory": {
                                    "total": 337.1706863995678,
                                    "count": 1748474,
                                    "self": 336.25817689956693,
                                    "children": {
                                        "RLTrainer._checkpoint": {
                                            "total": 0.9125095000008514,
                                            "count": 6,
                                            "self": 0.9125095000008514
                                        }
                                    }
                                },
                                "_update_policy": {
                                    "total": 979.0564069000075,
                                    "count": 336,
                                    "self": 674.2312960000404,
                                    "children": {
                                        "TorchPPOOptimizer.update": {
                                            "total": 304.82511089996706,
                                            "count": 10080,
                                            "self": 304.82511089996706
                                        }
                                    }
                                }
                            }
                        }
                    }
                },
                "TrainerController._save_models": {
                    "total": 0.3301805000010063,
                    "count": 1,
                    "self": 0.060318800002278294,
                    "children": {
                        "RLTrainer._checkpoint": {
                            "total": 0.269861699998728,
                            "count": 2,
                            "self": 0.269861699998728
                        }
                    }
                }
            }
        }
    }
}